Name,New
Abbott India,abbott-india-ltd
ACC,acc-ltd
Adani Energy Solut.,adani-transmission-ltd
Adani Green Energy,adani-green-energy-ltd
Adani Ports,adani-ports-and-special-economic-zone-ltd
Alkem Laboratories,alkem-laboratories-ltd
Ambuja Cements,ambuja-cements-ltd
Asian Paints,asian-paints-ltd
Aurobindo Pharma,aurobindo-pharma-ltd
Avenue Supermarts,avenue-supermarts-ltd
Axis Bank,axis-bank-ltd
Bajaj Auto,bajaj-auto-ltd
Bajaj Finance,bajaj-finance-ltd
Bajaj Holdings,bajaj-holdings-investment-ltd
Bandhan Bank,bandhan-bank-ltd
Bank of Baroda,bank-of-baroda
Berger Paints,berger-paints-india-ltd
Bharti Airtel,bharti-airtel-ltd
Biocon,biocon-ltd
Bosch,bosch-ltd
BPCL,bharat-petroleum-corporation-ltd
Britannia Industries,britannia-industries-ltd
Cipla,cipla-ltd
Coal India,coal-india-ltd
Colgate-Palmolive,colgatepalmolive-india-ltd
Container Corp,container-corporation-of-india-ltd
Dabur India,dabur-india-ltd
Divi's Labs,divis-laboratories-ltd
DLF,dlf-ltd
Dr Reddy's Labs,dr-reddys-laboratories-ltd
Eicher Motors,eicher-motors-ltd
GAIL (India),gail-india-ltd
General Insurance,general-insurance-corporation-of-india-ltd
Godrej Consumer,godrej-consumer-products-ltd
Grasim Industries,grasim-industries-ltd
Havells India,havells-india-ltd
HCL Technologies,hcl-technologies-ltd
HDFC Asset Mgmt Co,hdfc-asset-management-company-ltd
HDFC Bank,hdfc-bank-ltd
HDFC Life Insurance,hdfc-standard-life-insurance-co-ltd
Hero MotoCorp,hero-motocorp-ltd
Hindalco,hindalco-industries-ltd
Hindustan Unilever,hindustan-unilever-ltd
Hindustan Zinc,hindustan-zinc-ltd
HPCL,hindustan-petroleum-corporation-ltd
ICICI Bank,icici-bank-ltd
ICICI Lombard,icici-lombard-general-insurance-co-ltd
ICICI Prudential,icici-prudential-life-insurance-company-ltd
Indraprastha Gas,indraprastha-gas-ltd
Indus Towers,bharti-infratel-ltd
IndusInd Bank,indusind-bank-ltd
Info Edge (India),info-edge-india-ltd
Infosys,infosys-ltd
Interglobe Aviation,interglobe-aviation-ltd
IOCL,indian-oil-corporation-ltd
ITC,itc-ltd
JSW Steel,jsw-steel-ltd
Kotak Mahindra Bank,kotak-mahindra-bank-ltd
L&T,larsen-toubro-ltd
LTIMindtree,larsen-toubro-infotech-ltd
Lupin,lupin-ltd
Mahindra & Mahindra,mahindra-mahindra-ltd
Marico,marico-ltd
Maruti Suzuki,maruti-suzuki-india-ltd
Muthoot Finance,muthoot-finance-ltd
Nestle India,nestle-india-ltd
NMDC,nmdc-ltd
NTPC,ntpc-ltd
OFSS,oracle-financial-services-software-ltd
ONGC,oil-natural-gas-corporation-ltd
P&G,procter-gamble-hygiene-health-care-ltd
Petronet LNG,petronet-lng-ltd
Pidilite Industries,pidilite-industries-ltd
Piramal Enterprises,piramal-enterprises-ltd
PNB,punjab-national-bank
Power Finance Corp,power-finance-corporation-ltd
Power Grid Corp,power-grid-corporation-of-india-ltd
Samvardhana Motherson,motherson-sumi-systems-ltd
SBI,state-bank-of-india
SBI Cards,sbi-cards-payment-services-ltd
SBI Life Insurance,sbi-life-insurance-company-ltd
Shree Cement,shree-cement-ltd
Siemens,siemens-ltd
Sun Pharmaceutical,sun-pharmaceutical-industries-ltd
Tata Consumer,tata-global-beverages-ltd
Tata Motors,tata-motors-ltd
TCS,tata-consultancy-services-ltd
Tech Mahindra,tech-mahindra-ltd
Titan,titan-company-ltd
Torrent Pharma,torrent-pharmaceuticals-ltd
UltraTech Cement,ultratech-cement-ltd
United Breweries,united-breweries-ltd
United Spirits,united-spirits-ltd
UPL,upl-ltd
Wipro,wipro-ltd
Zydus,cadila-healthcare-ltd
